Abortion,Health,
Adults,World,Demographics
Advertising,Business,
Afghanistan,World,
Africa,World,
Alcohol,Health,
Arizona,U.S.,States
Armenia,World,
Arts,Living,
Asia,World,
Australia,World,
Azerbaijan ,World,
Baseball,Sports,
Biofuels,Sci/Tech,Energy Sources
Biology,Sci/Tech,
Black,World,Demographics
Books,Entertainment,
Brazil,World,
Buddhism,World,Religion
Bush Administration,Politics,
California,U.S.,States
Campaign Finance,Politics,
Canada,World,
Cancer,Health,
Cars,Living,
Celebrities,Entertainment,
Chile,World,
China,World,
Christianity,World,Religion
Church and State,Religion,
City,Local,
Civil Liberties,Politics,
Climate Change,Sci/Tech,
Coal,Sci/Tech,Energy Sources
College,Education,
Computers,Sci/Tech,
Conservative,Politics,
Corporate Governance,Business,
Corruption,Politics,
Courts,Politics,
Cricket,Sports,
Crime,Community,
Cuba,World,
Culture,Living,
Cycling,Sports,
Defense Industry,Business,
Deficit,Politics,
Democrats,Politics,
Digital Learning,Education,
Drugs,Health,
Early Childhood,Education,
Egypt,World,
Elections,Local,
Energy,Sci/Tech,
Environment,Sci/Tech,
Ethics in Journalism,Media,
Eurasia,World,
Europe,World,
European Union,World,
Family,Living,
Farming,World,
Finance,Business,
Food,Living,
Football,Sports,
Foreign Policy,U.S.,
France,World,
Freedom of Speech,Media,
Fusion Energy,Sci/Tech,Energy Sources
Future,Sci/Tech,
Games,Entertainment,
Gay and Lesbian,World,Demographics
Gender,World,
Genocide,World,
Georgia,World,
Geothermal Energy,Sci/Tech,Energy Sources
Germany,World,
Global Economy,Business,
Golf,Sports,
Government Transparency,Politics,
Greece,World,
Green Technology,Sci/Tech,
Haiti,World,
Health Care,Health,
High School,Education,
Hillary Clinton,Politics,Political Figures
Hispanic,World,Demographics
History,Sci/Tech,
HIV/AIDS,Health,
Hollywood,Entertainment,
Housing,Living,
Human Rights,World,
Hunger,World,
Iceland,World,
Immigration,U.S.,
Independent,Politics,
India,World,
Indonesia,World,
Industry,Business,
Infectious Diseases,Health,
Innovation,Business,
Insurance,Business,
Internet,Sci/Tech,
Iran,World,
Islam,World,Religion
Israel,World,
Japan,World,
Jobs,Business,
Joe Biden,Politics,Political Figures
John McCain,Politics,Political Figures
Journalism,Media,
Judaism,World,Religion
Kenya,World,
Labor,Business,
Latin America,World,
Law,U.S.,
Lebanon,World,
Liberal,Politics,
Libertarian,Politics,
Libya,World,
Mainstream Media,Media,
Marriage,Living,
Maryland,U.S.,States
Media,Business,
Media and Politics,Media,
Media Ownership,Media,
Medicare,Health,
Men,World,Demographics
Mexico,World,
Michele Bachmann,Politics,Political Figures
Middle East,World,
Middle School,Education,
Mike Huckabee,Politics,Political Figures
Mining,Business,
Mitt Romney,Politics,Political Figures
Mobile,Sci/Tech,
Money,Living,
Money and Politics,Politics,
Movies,Entertainment,
Music,Entertainment,
NATO,World,
Natural Disasters,Sci/Tech,
Neighborhood,Local,
New Media,Media,
New York City,Local,
News Literacy,Education,
Nigeria,World,
North America,World,
North Korea,World,
Nuclear Power,Sci/Tech,Energy Sources
Nuclear Weapons,World,
Obama Administration,Politics,
Oceania,World,
Oil and Gas,Sci/Tech,Energy Sources
Olympics,Sports,
Other Parties,Politics,
Pakistan,World,
Palestine,World,
Peace,World,
Pharmaceuticals,Business,
Philanthropy,Business,
Poland,World,
Police,Politics,
Pollution,Sci/Tech,
Poverty,World,
Presidential Election 2012,Politics,
Primary School,Education,
Privacy,Living,
Psychology,Sci/Tech,
Racism,World,
Real Estate,Business,
Refugees,World,
Religion and Politics,Religion,
Republicans,Politics,
Retail,Business,
Rick Perry,Politics,Political Figures
Ron Paul,Politics,Political Figures
Running,Sports,
Russia,World,
Sarah Palin,Politics,Political Figures
Saudi Arabia,World,
Science,Sci/Tech,
Science and Religion,Religion,
Seniors,World,Demographics
Soccer,Sports,
Social Change,World,
Social Networks,Media,
Socialist,Politics,
Solar Energy,Sci/Tech,Energy Sources
Somalia,World,
South Africa,World,
South Korea,World,
Startups,Business,
State,Local,
Sudan,World,
Sustainability,Business,
Switzerland,World,
Syria,World,
Taliban,World,
Taxes,Business,
Tea Party,Politics,
Technology,Sci/Tech,
Telecommunications,Business,
Tennis,Sports,
Terrorism,World,
Thailand,World,
Torture,World,
Trade,Business,
Transgender,World,Demographics
Transportation,Business,
Turkey,World,
TV,Entertainment,
U.S. Congress,Politics,
U.S. Constitution,Politics,
U.S. Economy,Business,
United Kingdom,World,
United Nations,World,
Venezuela,World,
Violence,World,
Virginia,U.S.,States
War,World,
Water,Living,
Wealth,World,
Wellness,Health,
Wind Power,Sci/Tech,Energy Sources
Wisconsin,U.S.,States
Women,World,Demographics
Yemen,World,
Youth,World,Demographics
Zimbabwe,World,
